{
	"format_version": "1.8.0",
	"animations": {
		"pop_up": {
			"animation_length": 1.08333,
			"bones": {
				"BodyFace": {
					"rotation": {
						"0.0": {
							"vector": [0, 0, 0]
						},
						"0.0417": {
							"vector": [0, 0, -2.5]
						},
						"0.0833": {
							"vector": [0, 0, -7.5]
						},
						"0.125": {
							"vector": [0, 0, -10]
						},
						"0.2083": {
							"vector": [0, 0, 2.5]
						},
						"0.25": {
							"vector": [0, 0, 7.5]
						},
						"0.2917": {
							"vector": [0, 0, 10]
						},
						"0.3333": {
							"vector": [0, 0, -2.5]
						},
						"0.375": {
							"vector": [0, 0, -7.5]
						},
						"0.4167": {
							"vector": [0, 0, -5]
						},
						"0.4583": {
							"vector": [0, 0, 0]
						},
						"0.5": {
							"vector": [0, 0, 2.5]
						},
						"0.5417": {
							"vector": [0, 0, 7.5]
						},
						"0.5833": {
							"vector": [0, 0, 2.5]
						},
						"0.625": {
							"vector": [0, 0, -2.5]
						},
						"0.6667": {
							"vector": [0, 0, -7.5]
						},
						"0.7083": {
							"vector": [0, 0, -10]
						},
						"0.75": {
							"vector": [0, 0, 0]
						},
						"0.7917": {
							"vector": [0, 0, -2.5]
						},
						"0.8333": {
							"vector": [0, 0, -7.5]
						},
						"0.875": {
							"vector": [0, 0, -10]
						},
						"0.9167": {
							"vector": [0, 0, 2.5]
						},
						"0.9583": {
							"vector": [0, 0, 7.5]
						},
						"1.0": {
							"vector": [0, 0, 10]
						},
						"1.0417": {
							"vector": [0, 0, 0]
						}
					},
					"position": {
						"0.0": {
							"vector": [0, -9, 0]
						},
						"1.0417": {
							"vector": [0, 0, 0]
						}
					}
				}
			},
			"particle_effects": {}
		},
		"pet": {
			"animation_length": 0.75,
			"bones": {
				"BodyFace": {
					"rotation": {
						"0.0": [0, 0, 0],
						"0.1667": [2.5, 0, 0],
						"0.3333": [5, 0, 0],
						"0.4583": [5.019, 4.98093, 0.43688],
						"0.5833": [5.019, -4.98093, -0.43688],
						"0.75": [0, 0, 0]
					},
					"scale": {
						"0.0": [1, 1, 1],
						"0.3333": [1, 0.9, 1],
						"0.5833": [1.1, 0.9, 1],
						"0.75": [1, 1, 1]
					}
				}
			}
		},
		"idle": {
			"loop": true,
			"animation_length": 1.5,
			"bones": {
				"BodyFace": {
					"rotation": {
						"0.0": [0, 0, 0],
						"0.25": [0, 5, 0],
						"0.4583": [-5, 5, 0],
						"0.6667": [-4.98093, 0.01893, 0.43523],
						"0.875": [-2.5, 5, 0],
						"1.1667": [2.50952, 0.00473, 0.21782],
						"1.5": [0, 0, 0]
					},
					"scale": {
						"0.0": [1, 1, 1],
						"0.25": [1.1, 1, 1],
						"0.4583": [1.2, 1, 1],
						"0.6667": [1.2, 1.1, 1],
						"0.875": [1.2, 1, 1],
						"1.1667": [1.1, 1, 1],
						"1.5": [1, 1, 1]
					}
				}
			}
		},
		"walking": {
			"loop": true,
			"animation_length": 0.66667,
			"bones": {
				"BodyFace": {
					"rotation": {
						"0.0": {
							"vector": [0, 0, 0]
						},
						"0.0417": {
							"vector": [0, 0, -2.5]
						},
						"0.0833": {
							"vector": [0, 0, -5]
						},
						"0.125": {
							"vector": [0, 0, -7.5]
						},
						"0.1667": {
							"vector": [0, 0, -10]
						},
						"0.2083": {
							"vector": [0, 0, -7.5]
						},
						"0.25": {
							"vector": [0, 0, -5]
						},
						"0.2917": {
							"vector": [0, 0, -2.5]
						},
						"0.3333": {
							"vector": [0, 0, 0]
						},
						"0.375": {
							"vector": [0, 0, 2.5]
						},
						"0.4167": {
							"vector": [0, 0, 5]
						},
						"0.4583": {
							"vector": [0, 0, 7.5]
						},
						"0.5417": {
							"vector": [0, 0, 7.5]
						},
						"0.5833": {
							"vector": [0, 0, 5]
						},
						"0.625": {
							"vector": [0, 0, 2.5]
						},
						"0.6667": {
							"vector": [0, 0, 0]
						}
					}
				},
				"RightFoot": {
					"rotation": {
						"0.0": {
							"vector": [0, 0, 0]
						},
						"0.0417": {
							"vector": [-2.5, 0, -2.5]
						},
						"0.0833": {
							"vector": [-5, 0, -5]
						},
						"0.125": {
							"vector": [-2.5, 0, -7.5]
						},
						"0.1667": {
							"vector": [0, 0, -10]
						},
						"0.2083": {
							"vector": [-2.5, 0, -7.5]
						},
						"0.25": {
							"vector": [-5, 0, -5]
						},
						"0.2917": {
							"vector": [-2.5, 0, -2.5]
						},
						"0.3333": {
							"vector": [0, 0, 0]
						},
						"0.375": {
							"vector": [-2.5, 0, 2.5]
						},
						"0.4167": {
							"vector": [-5, 0, 0]
						},
						"0.4583": {
							"vector": [-2.5, 0, 2.5]
						},
						"0.6667": {
							"vector": [0, 0, 0]
						}
					}
				},
				"LeftFoot": {
					"rotation": {
						"0.0": {
							"vector": [0, 0, 0]
						},
						"0.0417": {
							"vector": [2.5, 0, -2.5]
						},
						"0.0833": {
							"vector": [5, 0, -5]
						},
						"0.125": {
							"vector": [2.5, 0, -5]
						},
						"0.1667": {
							"vector": [0, 0, -5]
						},
						"0.2083": {
							"vector": [2.5, 0, 0]
						},
						"0.25": {
							"vector": [5, 0, 0]
						},
						"0.2917": {
							"vector": [2.5, 0, 0]
						},
						"0.3333": {
							"vector": [0, 0, 0]
						},
						"0.375": {
							"vector": [2.5, 0, 2.5]
						},
						"0.4167": {
							"vector": [5, 0, 5]
						},
						"0.4583": {
							"vector": [2.5, 0, 7.5]
						},
						"0.5417": {
							"vector": [2.5, 0, 7.5]
						},
						"0.5833": {
							"vector": [5, 0, 5]
						},
						"0.625": {
							"vector": [2.5, 0, 2.5]
						},
						"0.6667": {
							"vector": [0, 0, 0]
						}
					}
				}
			}
		},
		"ground": {
			"loop": true,
			"bones": {
				"BodyFace": {
					"position": {
						"vector": [0, -9, 0]
					}
				}
			}
		},
		"dance": {
			"loop": true,
			"animation_length": 0.79167,
			"bones": {
				"BodyFace": {
					"rotation": {
						"0.0": {
							"vector": [-2.5, 2.5, 0]
						},
						"0.0417": {
							"vector": [-5.00716, 4.99761, -0.10943]
						},
						"0.0833": {
							"vector": [-7.54294, 7.47609, -0.43875]
						},
						"0.125": {
							"vector": [-10.09342, 9.95432, -0.77184]
						},
						"0.1667": {
							"vector": [-12.68044, 12.41531, -1.22033]
						},
						"0.2083": {
							"vector": [-12.72931, 17.44819, -1.24408]
						},
						"0.25": {
							"vector": [-12.68044, 12.41531, -1.22033]
						},
						"0.2917": {
							"vector": [-10.09342, 9.95432, -0.77184]
						},
						"0.3333": {
							"vector": [-7.54294, 7.47609, -0.43875]
						},
						"0.375": {
							"vector": [-5.00716, 4.99761, -0.10943]
						},
						"0.4167": {
							"vector": [-2.49999, -2.49525, 0.21803]
						},
						"0.4583": {
							"vector": [-5.00714, -4.99286, 0.32746]
						},
						"0.5": {
							"vector": [-7.53105, -7.48328, 0.54746]
						},
						"0.5417": {
							"vector": [-10.0815, -9.96158, 0.88003]
						},
						"0.5833": {
							"vector": [-12.66847, -12.42266, 1.32801]
						},
						"0.625": {
							"vector": [-15.32791, -14.83467, 2.00451]
						},
						"0.6667": {
							"vector": [-12.66847, -12.42266, 1.32801]
						},
						"0.7083": {
							"vector": [-10.0815, -9.96158, 0.88003]
						},
						"0.75": {
							"vector": [-7.53105, -7.48328, 0.54746]
						},
						"0.7917": {
							"vector": [-5.00714, -4.99286, 0.32746]
						}
					}
				}
			},
			"particle_effects": {
				"0.0": {
					"effect": "note"
				}
			}
		}
	},
	"geckolib_format_version": 2
}